<project xmlns="http://maven.apache.org/POM/4.0.0" xmlns:xsi="http://www.w3.org/2001/XMLSchema-instance"
         xsi:schemaLocation="http://maven.apache.org/POM/4.0.0 http://maven.apache.org/maven-v4_0_0.xsd">

    <modelVersion>4.0.0</modelVersion>
    <groupId>org.oleg</groupId>
    <artifactId>flex-compile-example</artifactId>
    <version>1.0-SNAPSHOT</version>
    <packaging>war</packaging>
    <name>Flex Compile - Example of usage</name>

    <dependencies>
        <dependency>
            <groupId>org.oleg</groupId>
            <artifactId>flex-compile-client</artifactId>
            <version>1.0-SNAPSHOT</version>
        </dependency>
    </dependencies>

    <build>
        <plugins>
            <plugin>
                <groupId>org.oleg</groupId>
                <artifactId>flex-compile-maven2-plugin</artifactId>
                <executions>
                    <execution>
                        <id>distributions</id>
                        <phase>compile</phase>
                        <goals>
                            <goal>flex-compile</goal>
                        </goals>
                        <configuration>
                            <compilerProperties>
                                <!-- You can avoid this by using environment variable FLEX_SDK or FLEX_HOME -->
                                <property>
                                    <name>fcs.flex.flexHome</name>
                                    <value>d:/Java/flex/</value>
                                </property>
                            </compilerProperties>
                        </configuration>
                    </execution>
                </executions>
            </plugin>
        </plugins>
    </build>

    <repositories>
        <repository>
            <id>flex-compile-repository</id>
            <url>http://flex-compile.googlecode.com/svn/trunk/flex-compile-repo</url>
            <releases>
                <enabled>true</enabled>
            </releases>
            <snapshots>
                <enabled>true</enabled>
            </snapshots>
        </repository>
    </repositories>

    <pluginRepositories>
        <pluginRepository>
            <id>flex-compile-plugin-repository</id>
            <url>http://flex-compile.googlecode.com/svn/trunk/flex-compile-repo</url>
            <releases>
                <enabled>true</enabled>
            </releases>
            <snapshots>
                <enabled>true</enabled>
            </snapshots>
        </pluginRepository>
    </pluginRepositories>
	
</project>
